{
  "setup_users": {
    "count": 1,
    "mean_ms": 42858.19533304311,
    "median_ms": 42858.19533304311,
    "min_ms": 42858.19533304311,
    "max_ms": 42858.19533304311,
    "p95_ms": 42858.19533304311,
    "p99_ms": 42858.19533304311,
    "stddev_ms": 0
  },
  "setup_orders": {
    "count": 1,
    "mean_ms": 99570.63129200833,
    "median_ms": 99570.63129200833,
    "min_ms": 99570.63129200833,
    "max_ms": 99570.63129200833,
    "p95_ms": 99570.63129200833,
    "p99_ms": 99570.63129200833,
    "stddev_ms": 0
  },
  "setup_events": {
    "count": 1,
    "mean_ms": 160970.66429199185,
    "median_ms": 160970.66429199185,
    "min_ms": 160970.66429199185,
    "max_ms": 160970.66429199185,
    "p95_ms": 160970.66429199185,
    "p99_ms": 160970.66429199185,
    "stddev_ms": 0
  },
  "database_info": {
    "branch": "benchmark",
    "target_size_mb": 1000,
    "actual_size_mb": 767.953125,
    "num_users": 307200,
    "num_orders": 512000,
    "num_events": 716800,
    "db_path": "/Users/russellromney/Documents/Github/synthdb/.synthdb/databases/benchmark.db"
  },
  "point_query": {
    "count": 100,
    "mean_ms": 5.477228318341076,
    "median_ms": 5.402312497608364,
    "min_ms": 5.20195800345391,
    "max_ms": 6.201290991157293,
    "p95_ms": 5.9541669907048345,
    "p99_ms": 6.201290991157293,
    "stddev_ms": 0.21076354047320675
  },
  "range_query": {
    "count": 50,
    "mean_ms": 19.893820718862116,
    "median_ms": 19.974645489128307,
    "min_ms": 16.563582990784198,
    "max_ms": 23.17079098429531,
    "p95_ms": 22.763707966078073,
    "p99_ms": 23.17079098429531,
    "stddev_ms": 1.8023358177847926
  },
  "text_search": {
    "count": 50,
    "mean_ms": 18.216797477798536,
    "median_ms": 18.065333511913195,
    "min_ms": 17.782875045668334,
    "max_ms": 19.577958970330656,
    "p95_ms": 19.198999973013997,
    "p99_ms": 19.577958970330656,
    "stddev_ms": 0.41791839462400204
  },
  "join_query": {
    "count": 20,
    "mean_ms": 23.135785397607833,
    "median_ms": 21.937750017968938,
    "min_ms": 21.681583020836115,
    "max_ms": 44.201084005180746,
    "p95_ms": 44.201084005180746,
    "p99_ms": 44.201084005180746,
    "stddev_ms": 4.976517719349302
  },
  "aggregation_query": {
    "count": 20,
    "mean_ms": 1.1804291425505653,
    "median_ms": 1.1671874963212758,
    "min_ms": 1.1382909724488854,
    "max_ms": 1.35870894882828,
    "p95_ms": 1.35870894882828,
    "p99_ms": 1.35870894882828,
    "stddev_ms": 0.04733106976630233
  },
  "time_series_query": {
    "count": 20,
    "mean_ms": 1.1643562582321465,
    "median_ms": 1.1610835208557546,
    "min_ms": 1.1392080341465771,
    "max_ms": 1.1952079948969185,
    "p95_ms": 1.1952079948969185,
    "p99_ms": 1.1952079948969185,
    "stddev_ms": 0.013756819841282797
  },
  "single_insert": {
    "count": 100,
    "mean_ms": 5.263097907882184,
    "median_ms": 5.236874974798411,
    "min_ms": 4.242541966959834,
    "max_ms": 8.516500005498528,
    "p95_ms": 6.156500021461397,
    "p99_ms": 8.516500005498528,
    "stddev_ms": 0.5696390827606557
  },
  "bulk_insert": {
    "count": 1,
    "mean_ms": 279.598375025671,
    "median_ms": 279.598375025671,
    "min_ms": 279.598375025671,
    "max_ms": 279.598375025671,
    "p95_ms": 279.598375025671,
    "p99_ms": 279.598375025671,
    "stddev_ms": 0,
    "operations_per_second": 3576.5586974823664,
    "rows_inserted": 7000,
    "errors": 0
  },
  "update_operation": {
    "count": 50,
    "mean_ms": 5.171643273206428,
    "median_ms": 5.270458495942876,
    "min_ms": 4.342750005889684,
    "max_ms": 6.171790999360383,
    "p95_ms": 5.875542003195733,
    "p99_ms": 6.171790999360383,
    "stddev_ms": 0.40142586073447795
  },
  "add_column": {
    "count": 1,
    "mean_ms": 8.099458005744964,
    "median_ms": 8.099458005744964,
    "min_ms": 8.099458005744964,
    "max_ms": 8.099458005744964,
    "p95_ms": 8.099458005744964,
    "p99_ms": 8.099458005744964,
    "stddev_ms": 0
  },
  "query_new_column": {
    "count": 50,
    "mean_ms": 12.665513325482607,
    "median_ms": 12.633250007638708,
    "min_ms": 12.256166955921799,
    "max_ms": 13.244291010778397,
    "p95_ms": 13.165083015337586,
    "p99_ms": 13.244291010778397,
    "stddev_ms": 0.3008079801120024
  },
  "concurrent_operations": {
    "reads": [
      {
        "count": 30,
        "mean_ms": 6.375131870542343,
        "median_ms": 5.910707986913621,
        "min_ms": 5.472167045809329,
        "max_ms": 16.591500025242567,
        "p95_ms": 8.097791986074299,
        "p99_ms": 16.591500025242567,
        "stddev_ms": 1.9908670305359317
      },
      {
        "count": 30,
        "mean_ms": 6.418070732615888,
        "median_ms": 6.0388955171220005,
        "min_ms": 5.585749982856214,
        "max_ms": 18.035665969364345,
        "p95_ms": 6.904708978254348,
        "p99_ms": 18.035665969364345,
        "stddev_ms": 2.2081361004791917
      },
      {
        "count": 30,
        "mean_ms": 6.4191054669208825,
        "median_ms": 5.927020509261638,
        "min_ms": 5.576041003223509,
        "max_ms": 17.939999990630895,
        "p95_ms": 7.45866697980091,
        "p99_ms": 17.939999990630895,
        "stddev_ms": 2.2036123135359347
      }
    ],
    "writes": [
      {
        "count": 20,
        "mean_ms": 3.157666651532054,
        "median_ms": 3.5527499858289957,
        "min_ms": 2.0625419565476477,
        "max_ms": 4.032625001855195,
        "p95_ms": 4.032625001855195,
        "p99_ms": 4.032625001855195,
        "stddev_ms": 0.6763351959321217
      },
      {
        "count": 20,
        "mean_ms": 3.27078535920009,
        "median_ms": 3.510667011141777,
        "min_ms": 1.7405000398866832,
        "max_ms": 7.083832984790206,
        "p95_ms": 7.083832984790206,
        "p99_ms": 7.083832984790206,
        "stddev_ms": 1.1399188237890732
      }
    ]
  },
  "resource_usage": {
    "elapsed_seconds": 308.4535276889801,
    "cpu_percent": -1,
    "memory_mb": -1
  }
}